,HPSO,Baseline,Stations,Total Time [s],Tobs [h],Ingest [Pflop/s],RCAL [Pflop/s],FastImg [Pflop/s],ICAL [Pflop/s],DPrepA [Pflop/s],DPrepB [Pflop/s],DPrepC [Pflop/s],DPrepD [Pflop/s],Total RT [Pflop/s],Total Batch [Pflop/s],Total [Pflop/s],Ingest Rate [TB/s],PSS [Pflop/s],PST [Pflop/s]
0,hpso01,65000.0,512.0,18000000.0,5.0,0.632428093239751,0.748044867821888,0.380692614816198,6.8787799238925,2.35416601295127,2.50398353736797,5.11978434890892,0.30074183764072,1.7611655758778368,17.157455660761382,18.91862123663922,0.45902462976,,
1,hpso02a,65000.0,512.0,18000000.0,5.0,0.632428093239751,0.748044867821888,0.380692614816198,4.01433818388797,2.35416601295127,2.50398353736797,5.11978434890892,0.30074183764072,1.7611655758778368,14.293013920756852,16.05417949663469,0.45902462976,,
2,hpso02b,65000.0,512.0,18000000.0,5.0,0.632428093239751,0.748044867821888,0.380692614816198,4.01433818388797,2.35416601295127,2.50398353736797,5.11978434890892,0.30074183764072,1.7611655758778368,14.293013920756852,16.05417949663469,0.45902462976,,
3,hpso04a,65000.0,512.0,45900000.0,0.6666666666666666,0.632367260367075,0.216732287465709,0.116227832506667,0.0,0.0,0.0,0.0,0.0,0.9653273803394511,0.0005008800000000369,0.9658282603394511,0.45902462976,0.00050088,
4,hpso05a,65000.0,512.0,15480000.0,0.6666666666666666,0.632367260367075,0.216732287465709,0.116227832506667,0.0,0.0,0.0,0.0,0.0,0.9653273803394511,2.755000000354002e-07,0.9653276558394511,0.45902462976,,2.755e-07
