,HPSO,Baseline,Stations,Total Time [s],Tobs [h],Ingest [Pflop/s],RCAL [Pflop/s],FastImg [Pflop/s],ICAL [Pflop/s],DPrepA [Pflop/s],DPrepB [Pflop/s],DPrepC [Pflop/s],DPrepD [Pflop/s],Total RT [Pflop/s],Total Batch [Pflop/s],Total [Pflop/s],Ingest Rate [TB/s],PSS [Pflop/s],PST [Pflop/s]
0,hpso01,65000.0,512.0,18000000.0,5.0,0.6324280932397511,0.7480448678218885,0.380692614816198,6.878779923892501,2.3541660129512665,2.503983537367972,5.119784348908921,0.3007418376407202,1.7611655758778377,17.157455660761382,18.91862123663922,0.45902462976,,
1,hpso02a,65000.0,512.0,18000000.0,5.0,0.6324280932397511,0.7480448678218885,0.380692614816198,4.014338183887967,2.3541660129512665,2.503983537367972,5.119784348908921,0.3007418376407202,1.7611655758778377,14.293013920756847,16.054179496634685,0.45902462976,,
2,hpso02b,65000.0,512.0,18000000.0,5.0,0.6324280932397511,0.7480448678218885,0.380692614816198,4.014338183887967,2.3541660129512665,2.503983537367972,5.119784348908921,0.3007418376407202,1.7611655758778377,14.293013920756847,16.054179496634685,0.45902462976,,
3,hpso04a,65000.0,512.0,45900000.0,0.6666666666666666,0.6323672603670755,0.21673228746570905,0.11622783250666727,0.0,0.0,0.0,0.0,0.0,0.9653273803394518,0.0005008800000000369,0.9658282603394518,0.45902462976,0.00050088,
4,hpso05a,65000.0,512.0,15480000.0,0.6666666666666666,0.6323672603670755,0.21673228746570905,0.11622783250666727,0.0,0.0,0.0,0.0,0.0,0.9653273803394518,2.755000000354002e-07,0.9653276558394518,0.45902462976,,2.755e-07
