,HPSO,Stations,Total Time [s],Tobs [h],Ingest [Pflop/s],RCAL [Pflop/s],FastImg [Pflop/s],ICAL [Pflop/s],DPrepA [Pflop/s],DPrepB [Pflop/s],DPrepC [Pflop/s],DPrepD [Pflop/s],Total RT [Pflop/s],Total Batch [Pflop/s],Total [Pflop/s],Ingest Rate [TB/s],Total [Pflop/s,PSS [Pflop/s],PST [Pflop/s]
0,hpso01,512.0,18000000.0,5.0,0.632428093239751,0.748044867821889,0.377127748393095,6.8787799238925,2.35416601295127,2.50398353736797,5.11978434890892,0.30074183764072,1.757600709454735,17.157455660761382,,0.45902462976,18.915056370216117,,
1,hpso02a,512.0,18000000.0,5.0,0.632428093239751,0.748044867821889,0.377127748393095,4.01433818388797,2.35416601295127,2.50398353736797,5.11978434890892,0.30074183764072,1.757600709454735,14.293013920756852,,0.45902462976,16.050614630211587,,
2,hpso02b,512.0,18000000.0,5.0,0.632428093239751,0.748044867821889,0.377127748393095,4.01433818388797,2.35416601295127,2.50398353736797,5.11978434890892,0.30074183764072,1.757600709454735,14.293013920756852,,0.45902462976,16.050614630211587,,
3,hpso04a,512.0,45900000.0,0.6666666666666666,0.632367260367075,0.216732287465709,0.115187512939897,,,,,,0.9642870607726811,0.0005008800000000369,,0.45902462976,0.9647879407726812,0.00050088,
4,hpso05a,512.0,15480000.0,0.6666666666666666,0.632367260367075,0.216732287465709,0.115187512939897,,,,,,0.9642870607726811,2.755000000354002e-07,,0.45902462976,0.9642873362726812,,2.755e-07
