Telescope,Pipeline,Data Rate [Gbit/s],Daily Growth [TB/day],Yearly Growth [PB/year],5-year Growth [PB/(5 year)]
SKA1_Low,DPrepA,0.01975595696993094,0.21336433527525414,0.07787798237546777,0.38938991187733885
SKA1_Low,DPrepB,0.9877978484965428,10.668216763762663,3.893899118773372,19.46949559386686
SKA1_Low,DPrepC,2.963393545489631,32.004650291288016,11.681697356320127,58.40848678160064
SKA1_Low,DPrepD,42.7989135775351,462.2282666373791,168.71331732264335,843.5665866132167
SKA1_Low,PSS,0.284723744149766,3.075016436817472,1.1223809994383773,5.611904997191886
SKA1_Low,PST,0.34574151711950074,3.734008384890608,1.362913060485072,6.81456530242536
SKA1_Low,47.40032618976047,511.9235228494131,186.85208584003578,934.2604292001789
